City,Cloudiness,Country,Date,Humidity,Lat,Lng,Max_Temp,Wind_Speed
mar del plata,75,AR,1510984800,81,-38.0,-57.56,48.2,4.7
tuktoyaktuk,90,CA,1510984800,84,69.45,-133.04,-0.41,5.82
mar del plata,75,AR,1510984800,81,-38.0,-57.56,48.2,4.7
hilo,1,US,1510984560,83,19.73,-155.09,69.8,4.7
rikitea,12,PF,1510986931,100,-23.12,-134.97,72.94,21.23
meybod,0,IR,1510984800,23,32.25,54.02,53.6,2.24
albany,88,AU,1510986924,92,-35.02,117.89,66.23,6.91
ushuaia,75,AR,1510984800,70,-54.8,-68.3,44.6,9.17
dikson,0,RU,1510987335,100,73.51,80.55,-3.75,13.4
east london,0,ZA,1510984800,55,-33.02,27.91,64.4,5.82
tacuarembo,20,UY,1510987336,88,-31.73,-55.98,58.13,12.84
college,1,US,1510984680,76,64.86,-147.8,1.4,2.89
necochea,64,AR,1510987100,96,-38.55,-58.74,48.5,16.08
vanderhoof,80,CA,1510987337,81,54.02,-124.02,24.7,7.07
longyearbyen,75,SJ,1510984200,63,78.22,15.64,28.4,20.8
saint-philippe,20,RE,1510984800,69,-21.36,55.77,82.4,4.7
dikson,0,RU,1510987335,100,73.51,80.55,-3.75,13.4
punta arenas,90,CL,1510984800,75,-53.15,-70.92,46.4,16.11
coquimbo,0,CL,1510984800,93,-29.95,-71.34,53.6,5.28
vaini,75,TO,1510984800,83,-21.2,-175.2,80.6,12.66
ahipara,100,NZ,1510987340,91,-35.17,173.17,58.18,23.91
broome,8,AU,1510984800,62,-17.97,122.23,87.8,14.99
albany,88,AU,1510986924,92,-35.02,117.89,66.23,6.91
tasiilaq,0,GL,1510984200,48,65.61,-37.64,19.4,10.29
albany,88,AU,1510986924,92,-35.02,117.89,66.23,6.91
kapaa,90,US,1510984560,94,22.08,-159.32,75.2,8.05
severo-kurilsk,24,RU,1510987341,100,50.68,156.12,35.14,12.39
albany,88,AU,1510986924,92,-35.02,117.89,66.23,6.91
chuy,20,UY,1510987342,98,-33.7,-53.46,60.2,10.31
hilo,1,US,1510984560,83,19.73,-155.09,69.8,4.7
mehamn,8,NO,1510987343,86,71.04,27.85,27.94,9.37
tessalit,92,ML,1510987343,30,20.2,1.01,51.43,4.83
hithadhoo,56,MV,1510987344,100,-0.6,73.08,81.94,5.84
nabire,68,ID,1510987344,74,-3.37,135.48,81.26,2.04
atuona,92,PF,1510986923,100,-9.8,-139.03,77.26,16.2
leningradskiy,76,RU,1510987345,100,69.38,178.42,14.53,16.08
rikitea,12,PF,1510986931,100,-23.12,-134.97,72.94,21.23
kasongo-lunda,92,CD,1510987346,98,-6.47,16.82,68.26,3.22
ryotsu,75,JP,1510984800,87,38.08,138.43,50.0,18.34
victoria,75,SC,1510984800,70,-4.62,55.45,84.2,3.36
biloela,92,AU,1510987347,63,-24.42,150.5,71.18,9.08
izhma,80,RU,1510987348,80,65.01,53.91,21.95,6.73
coahuayana,88,MX,1510986933,100,18.73,-103.68,78.47,4.72
saint-augustin,92,CA,1510987348,100,51.23,-58.65,39.46,23.24
hilo,1,US,1510984560,83,19.73,-155.09,69.8,4.7
punta arenas,90,CL,1510984800,75,-53.15,-70.92,46.4,16.11
delhi,90,CA,1510984800,75,42.85,-80.5,41.0,14.99
tiksi,64,RU,1510986937,87,71.69,128.87,8.45,12.44
thompson,75,CA,1510984800,78,55.74,-97.86,8.6,9.17
adrar,0,DZ,1510984800,39,27.87,-0.29,48.2,8.05
tasiilaq,0,GL,1510984200,48,65.61,-37.64,19.4,10.29
high prairie,24,CA,1510987398,79,55.43,-116.49,12.41,7.02
souillac,75,MU,1510984800,69,-20.52,57.52,82.4,12.75
alice springs,0,AU,1510984800,16,-23.7,133.88,96.8,6.93
avarua,75,CK,1510984800,83,-21.21,-159.78,77.0,8.05
sistranda,40,NO,1510986000,69,63.73,8.83,37.4,14.99
nanortalik,12,GL,1510987414,99,60.14,-45.24,26.9,20.67
the valley,80,AI,1510987414,99,18.22,-63.06,81.53,9.86
cidreira,88,BR,1510987415,95,-30.18,-50.21,67.31,7.58
roald,75,NO,1510986000,93,62.58,6.13,42.8,21.92
rikitea,12,PF,1510986931,100,-23.12,-134.97,72.94,21.23
hermanus,12,ZA,1510986940,84,-34.42,19.23,57.73,3.04
bria,36,CF,1510987417,87,6.54,21.99,72.35,5.61
arraial do cabo,8,BR,1510987417,88,-22.97,-42.03,74.83,8.14
port alfred,8,ZA,1510987418,95,-33.59,26.89,61.96,6.4
busselton,8,AU,1510986936,100,-33.65,115.33,66.95,14.34
ushuaia,75,AR,1510984800,70,-54.8,-68.3,44.6,9.17
chaman,0,PK,1510987419,63,30.92,66.45,48.86,3.89
hermanus,12,ZA,1510986940,84,-34.42,19.23,57.73,3.04
grand gaube,75,MU,1510984800,69,-20.01,57.66,82.4,12.75
jamestown,88,SH,1510987420,100,-15.94,-5.72,67.22,16.91
barrow,90,US,1510984380,85,71.29,-156.79,12.2,6.93
castro,80,CL,1510987420,100,-42.47,-73.77,42.88,2.82
rikitea,12,PF,1510986931,100,-23.12,-134.97,72.94,21.23
bluff,0,NZ,1510986942,94,-46.6,168.33,55.93,6.73
luderitz,0,NA,1510984800,48,-26.65,15.16,64.4,12.75
khatanga,48,RU,1510987422,59,71.97,102.5,-12.16,2.89
narsaq,8,GL,1510984200,44,60.92,-46.05,19.4,3.36
ushuaia,75,AR,1510984800,70,-54.8,-68.3,44.6,9.17
busselton,8,AU,1510986936,100,-33.65,115.33,66.95,14.34
hilo,1,US,1510984560,83,19.73,-155.09,69.8,4.7
narbonne,0,FR,1510986600,81,43.18,3.0,55.4,3.36
fairbanks,1,US,1510984680,76,64.84,-147.72,1.4,2.89
hilo,1,US,1510984560,83,19.73,-155.09,69.8,4.7
praia,20,CV,1510984800,73,14.92,-23.51,77.0,8.05
port alfred,8,ZA,1510987418,95,-33.59,26.89,61.96,6.4
uglovskoye,44,RU,1510987425,60,51.36,80.19,36.26,15.35
ialibu,88,PG,1510987425,89,-6.28,143.99,63.49,2.55
georgetown,36,SH,1510987426,100,-7.93,-14.42,74.2,13.4
saskylakh,68,RU,1510987427,80,71.92,114.08,8.72,6.51
punta arenas,90,CL,1510984800,75,-53.15,-70.92,46.4,16.11
port alfred,8,ZA,1510987418,95,-33.59,26.89,61.96,6.4
viedma,0,AR,1510987358,55,-40.81,-63.0,49.67,17.58
east london,0,ZA,1510984800,55,-33.02,27.91,64.4,5.82
half moon bay,1,US,1510986600,54,37.46,-122.43,53.6,5.82
los llanos de aridane,12,ES,1510986600,68,28.66,-17.92,66.2,6.93
hermanus,12,ZA,1510986940,84,-34.42,19.23,57.73,3.04
saint-augustin,92,CA,1510987348,100,51.23,-58.65,39.46,23.24
puerto ayora,24,EC,1510987429,100,-0.74,-90.35,67.54,10.87
hithadhoo,56,MV,1510987344,100,-0.6,73.08,81.94,5.84
dikson,0,RU,1510987335,100,73.51,80.55,-3.75,13.4
kasongo-lunda,92,CD,1510987346,98,-6.47,16.82,68.26,3.22
la rochelle,90,FR,1510986600,93,46.17,-1.15,44.6,9.17
port alfred,8,ZA,1510987418,95,-33.59,26.89,61.96,6.4
soe,88,ID,1510987491,77,-9.86,124.28,79.46,2.59
thompson,75,CA,1510984800,78,55.74,-97.86,8.6,9.17
ushuaia,75,AR,1510984800,70,-54.8,-68.3,44.6,9.17
yellowknife,20,CA,1510984800,75,62.46,-114.35,-14.81,6.93
yellowknife,20,CA,1510984800,75,62.46,-114.35,-14.81,6.93
ostrovnoy,8,RU,1510987493,76,68.05,39.51,-0.82,2.71
hermanus,12,ZA,1510986940,84,-34.42,19.23,57.73,3.04
qaanaaq,48,GL,1510987493,100,77.48,-69.36,-4.33,8.52
saint george,40,BM,1510984500,52,32.38,-64.68,68.0,18.34
ushuaia,75,AR,1510984800,70,-54.8,-68.3,44.6,9.17
hilo,1,US,1510984560,83,19.73,-155.09,69.8,4.7
san patricio,36,MX,1510987495,100,19.22,-104.7,72.71,2.21
bantry,92,IE,1510987495,99,51.68,-9.45,52.06,12.1
albany,88,AU,1510986924,92,-35.02,117.89,66.23,6.91
roald,75,NO,1510986000,93,62.58,6.13,42.8,21.92
portland,36,AU,1510987496,88,-38.33,141.6,64.61,10.6
victoria,75,SC,1510984800,70,-4.62,55.45,84.2,3.36
boddam,32,GB,1510986000,74,57.47,-1.78,37.4,11.41
new norfolk,0,AU,1510984800,42,-42.78,147.06,80.6,16.11
bluff,0,NZ,1510986942,94,-46.6,168.33,55.93,6.73
yellowknife,20,CA,1510984800,75,62.46,-114.35,-14.81,6.93
cururupu,76,BR,1510987498,78,-1.83,-44.87,79.33,7.58
rikitea,12,PF,1510986931,100,-23.12,-134.97,72.94,21.23
east london,0,ZA,1510984800,55,-33.02,27.91,64.4,5.82
ushuaia,75,AR,1510984800,70,-54.8,-68.3,44.6,9.17
albany,88,AU,1510986924,92,-35.02,117.89,66.23,6.91
akdepe,0,TM,1510984800,64,42.06,59.38,39.2,16.11
yellowknife,20,CA,1510984800,75,62.46,-114.35,-14.81,6.93
bluff,0,NZ,1510986942,94,-46.6,168.33,55.93,6.73
flin flon,8,CA,1510987500,90,54.77,-101.86,7.06,7.36
port alfred,8,ZA,1510987418,95,-33.59,26.89,61.96,6.4
east london,0,ZA,1510984800,55,-33.02,27.91,64.4,5.82
yellowknife,20,CA,1510984800,75,62.46,-114.35,-14.81,6.93
bluff,0,NZ,1510986942,94,-46.6,168.33,55.93,6.73
hobart,0,AU,1510984800,42,-42.88,147.33,80.6,16.11
hobart,0,AU,1510984800,42,-42.88,147.33,80.6,16.11
longyearbyen,75,SJ,1510984200,63,78.22,15.64,28.4,20.8
namibe,0,AO,1510987503,100,-15.2,12.15,69.92,3.38
nanortalik,12,GL,1510987414,99,60.14,-45.24,26.9,20.67
longyearbyen,75,SJ,1510984200,63,78.22,15.64,28.4,20.8
vaini,75,TO,1510984800,83,-21.2,-175.2,80.6,12.66
meulaboh,56,ID,1510987504,100,4.14,96.13,81.53,2.1
hilo,1,US,1510984560,83,19.73,-155.09,69.8,4.7
talnakh,32,RU,1510987504,100,69.49,88.4,-26.29,2.77
rikitea,12,PF,1510986931,100,-23.12,-134.97,72.94,21.23
hamilton,40,BM,1510984500,52,32.29,-64.78,68.0,18.34
denpasar,40,ID,1510984800,79,-8.65,115.22,84.2,9.17
bhawana,0,PK,1510987505,100,31.57,72.65,62.68,4.56
bredasdorp,12,ZA,1510984800,55,-34.53,20.04,66.2,12.75
broome,8,AU,1510984800,62,-17.97,122.23,87.8,14.99
hambantota,0,LK,1510987567,96,6.12,81.12,84.95,2.89
bluff,0,NZ,1510987568,94,-46.6,168.33,55.93,6.73
mahebourg,75,MU,1510984800,69,-20.41,57.7,82.4,12.75
vaini,75,TO,1510984800,83,-21.2,-175.2,80.6,12.66
ushuaia,75,AR,1510984800,70,-54.8,-68.3,44.6,9.17
busselton,8,AU,1510987569,100,-33.65,115.33,66.95,14.34
korla,0,CN,1510987570,50,41.76,86.15,40.31,3.04
upernavik,44,GL,1510987570,100,72.79,-56.15,15.7,12.1
hobart,0,AU,1510984800,42,-42.88,147.33,80.6,16.11
ribeira grande,100,PT,1510987571,100,38.52,-28.7,67.31,20.89
chuy,20,UY,1510987342,98,-33.7,-53.46,60.2,10.31
novosokolniki,80,RU,1510987572,96,56.35,30.16,34.24,10.83
port hardy,90,CA,1510984800,86,50.7,-127.42,41.0,3.36
tahara,75,JP,1510984800,87,34.67,137.27,51.8,11.41
terekli-mekteb,92,RU,1510987574,93,44.17,45.87,42.43,13.06
waddan,0,LY,1510987574,72,29.16,16.14,32.8,2.82
harper,76,LR,1510987575,100,4.38,-7.72,76.99,7.29
nemuro,75,JP,1510984800,100,43.32,145.57,42.8,8.05
hobart,0,AU,1510984800,42,-42.88,147.33,80.6,16.11
sao caetano de odivelas,88,BR,1510987576,100,-0.75,-48.02,79.55,13.06
rikitea,12,PF,1510987576,100,-23.12,-134.97,72.94,21.23
balgazyn,8,RU,1510987577,57,51.0,95.2,13.31,1.99
victoria,75,SC,1510984800,70,-4.62,55.45,84.2,3.36
sao miguel do araguaia,24,BR,1510987577,81,-13.28,-50.16,75.23,6.4
victoria,75,SC,1510984800,70,-4.62,55.45,84.2,3.36
severo-kurilsk,24,RU,1510987341,100,50.68,156.12,35.14,12.39
shache,64,CN,1510987578,61,38.42,77.24,40.36,4.5
kodiak,1,US,1510984380,51,57.79,-152.41,37.4,21.92
hilo,1,US,1510984560,83,19.73,-155.09,69.8,4.7
yellowknife,20,CA,1510984800,75,62.46,-114.35,-14.81,6.93
sorland,20,NO,1510986000,100,67.67,12.69,32.0,3.36
wattegama,12,LK,1510987580,77,6.8,81.48,88.06,4.27
dwarka,0,IN,1510987580,99,22.24,68.97,76.76,15.46
vila velha,0,BR,1510984800,83,-20.33,-40.29,75.2,9.17
saskylakh,68,RU,1510987427,80,71.92,114.08,8.72,6.51
mahebourg,75,MU,1510984800,69,-20.41,57.7,82.4,12.75
hilo,1,US,1510984560,83,19.73,-155.09,69.8,4.7
hobart,0,AU,1510984800,42,-42.88,147.33,80.6,16.11
bluff,0,NZ,1510987568,94,-46.6,168.33,55.93,6.73
torbay,90,CA,1510984800,100,47.67,-52.73,39.2,17.22
premia de mar,0,ES,1510986600,86,41.49,2.37,44.6,2.24
cabo san lucas,0,MX,1510987283,100,22.89,-109.91,80.9,7.74
erdenet,0,MN,1510987583,40,49.03,104.08,28.7,3.38
awjilah,0,LY,1510987583,61,29.11,21.29,44.27,3.04
tuktoyaktuk,90,CA,1510984800,84,69.45,-133.04,-0.41,5.82
mastic beach,1,US,1510985700,79,40.77,-72.85,35.6,7.25
chokurdakh,56,RU,1510987584,64,70.63,147.92,-8.25,8.3
mar del plata,75,AR,1510984800,81,-38.0,-57.56,48.2,4.7
busselton,8,AU,1510987569,100,-33.65,115.33,66.95,14.34
leningradskiy,76,RU,1510987345,100,69.38,178.42,14.53,16.08
luderitz,0,NA,1510984800,48,-26.65,15.16,64.4,12.75
rikitea,12,PF,1510987576,100,-23.12,-134.97,72.94,21.23
rikitea,12,PF,1510987576,100,-23.12,-134.97,72.94,21.23
busselton,8,AU,1510987569,100,-33.65,115.33,66.95,14.34
waipawa,68,NZ,1510986600,66,-41.41,175.52,55.4,19.46
vaini,75,TO,1510984800,83,-21.2,-175.2,80.6,12.66
kapaa,90,US,1510984560,94,22.08,-159.32,75.2,8.05
ponta do sol,0,CV,1510987648,100,17.2,-25.09,75.68,9.53
albany,88,AU,1510987649,92,-35.02,117.89,66.23,6.91
taupo,80,NZ,1510987649,57,-38.68,176.08,57.5,13.96
east london,0,ZA,1510984800,55,-33.02,27.91,64.4,5.82
castro,80,CL,1510987420,100,-42.47,-73.77,42.88,2.82
rikitea,12,PF,1510987576,100,-23.12,-134.97,72.94,21.23
punta arenas,90,CL,1510984800,75,-53.15,-70.92,46.4,16.11
omsukchan,80,RU,1510987651,75,62.53,155.8,-2.17,3.22
quatre cocos,75,MU,1510984800,69,-20.21,57.76,82.4,12.75
cabo san lucas,0,MX,1510987283,100,22.89,-109.91,80.9,7.74
dunedin,0,NZ,1510987629,77,-45.87,170.5,59.12,3.04
punta arenas,90,CL,1510984800,75,-53.15,-70.92,46.4,16.11
hobart,0,AU,1510984800,42,-42.88,147.33,80.6,16.11
cape town,75,ZA,1510984800,59,-33.93,18.42,62.6,2.24
atuona,92,PF,1510987653,100,-9.8,-139.03,77.26,16.2
urubicha,8,BO,1510987654,86,-15.38,-62.95,77.93,4.23
salym,76,RU,1510987654,87,60.06,71.48,21.32,3.71
the pas,90,CA,1510984800,72,53.83,-101.25,10.4,14.99
port alfred,8,ZA,1510987418,95,-33.59,26.89,61.96,6.4
georgetown,36,SH,1510987426,100,-7.93,-14.42,74.2,13.4
rikitea,12,PF,1510987576,100,-23.12,-134.97,72.94,21.23
krasnyy yar,0,RU,1510984800,95,46.53,48.35,35.6,6.71
ushuaia,75,AR,1510984800,70,-54.8,-68.3,44.6,9.17
brae,88,GB,1510986000,81,60.4,-1.35,44.6,27.51
batemans bay,80,AU,1510987657,91,-35.72,150.18,63.85,8.59
vostok,44,RU,1510987658,60,46.49,135.88,6.56,4.83
arraial do cabo,8,BR,1510987417,88,-22.97,-42.03,74.83,8.14
khatanga,48,RU,1510987422,59,71.97,102.5,-12.16,2.89
new norfolk,0,AU,1510984800,42,-42.78,147.06,80.6,16.11
atagay,80,RU,1510987659,65,55.1,99.39,21.05,3.33
bredasdorp,12,ZA,1510984800,55,-34.53,20.04,66.2,12.75
inhambane,0,MZ,1510987660,81,-23.86,35.38,76.18,5.57
catuday,8,PH,1510987660,99,16.29,119.81,83.56,7.81
cape town,75,ZA,1510984800,59,-33.93,18.42,62.6,2.24
hobart,0,AU,1510984800,42,-42.88,147.33,80.6,16.11
punta arenas,90,CL,1510984800,75,-53.15,-70.92,46.4,16.11
ribeira grande,100,PT,1510987571,100,38.52,-28.7,67.31,20.89
plettenberg bay,92,ZA,1510987662,99,-34.05,23.37,61.51,8.75
san cristobal,0,EC,1510987662,100,-0.9,-89.62,69.02,12.39
belyy yar,64,RU,1510984800,73,53.6,91.39,19.4,4.47
mumford,8,GH,1510987663,96,5.26,-0.76,75.19,5.61
mattersburg,75,AT,1510986000,86,47.73,16.4,41.0,9.17
punta arenas,90,CL,1510984800,75,-53.15,-70.92,46.4,16.11
trofors,0,NO,1510986000,100,65.53,13.41,37.4,1.99
faanui,88,PF,1510987725,100,-16.48,-151.75,80.45,22.91
ribeira grande,100,PT,1510987571,100,38.52,-28.7,67.31,20.89
ushuaia,75,AR,1510984800,70,-54.8,-68.3,44.6,9.17
hobart,0,AU,1510984800,42,-42.88,147.33,80.6,16.11
kailua,90,US,1510984620,69,21.4,-157.74,77.0,4.7
cockburn town,48,BS,1510987726,100,24.03,-74.52,78.38,21.12
necochea,64,AR,1510987100,96,-38.55,-58.74,48.5,16.08
vao,44,NC,1510987727,100,-22.67,167.48,71.86,12.39
port macquarie,40,AU,1510984800,56,-31.43,152.92,71.6,19.46
bandar,24,ID,1510987727,91,2.05,99.75,78.25,1.36
north bend,40,US,1510984560,93,43.41,-124.22,42.8,6.93
rikitea,12,PF,1510987576,100,-23.12,-134.97,72.94,21.23
albany,88,AU,1510987649,92,-35.02,117.89,66.23,6.91
great yarmouth,40,GB,1510986000,80,52.61,1.73,41.0,12.75
huarmey,12,PE,1510987729,86,-10.07,-78.15,53.95,3.33
salalah,75,OM,1510984200,61,17.02,54.09,82.4,3.36
cap malheureux,75,MU,1510984800,69,-19.98,57.61,82.4,12.75
seymchan,68,RU,1510987731,84,62.88,152.43,-0.46,6.02
albany,88,AU,1510987649,92,-35.02,117.89,66.23,6.91
bredasdorp,12,ZA,1510984800,55,-34.53,20.04,66.2,12.75
rikitea,12,PF,1510987576,100,-23.12,-134.97,72.94,21.23
atuona,92,PF,1510987653,100,-9.8,-139.03,77.26,16.2
rikitea,12,PF,1510987576,100,-23.12,-134.97,72.94,21.23
new norfolk,0,AU,1510984800,42,-42.78,147.06,80.6,16.11
bluff,0,NZ,1510987568,94,-46.6,168.33,55.93,6.73
yellowknife,20,CA,1510984800,75,62.46,-114.35,-14.81,6.93
sao filipe,48,CV,1510987733,100,14.9,-24.5,76.81,10.83
victoria,75,SC,1510984800,70,-4.62,55.45,84.2,3.36
yellowknife,20,CA,1510984800,75,62.46,-114.35,-14.81,6.93
shenjiamen,48,CN,1510987734,100,29.96,122.3,59.21,28.66
arraial do cabo,8,BR,1510987417,88,-22.97,-42.03,74.83,8.14
hithadhoo,56,MV,1510987344,100,-0.6,73.08,81.94,5.84
new norfolk,0,AU,1510984800,42,-42.78,147.06,80.6,16.11
puri,90,IN,1510984800,94,19.8,85.85,78.8,5.82
san patricio,36,MX,1510987495,100,19.22,-104.7,72.71,2.21
ponta do sol,0,CV,1510987648,100,17.2,-25.09,75.68,9.53
cabedelo,20,BR,1510984800,83,-6.98,-34.83,75.2,5.82
bathsheba,20,BB,1510984800,78,13.22,-59.52,80.6,16.11
cape town,75,ZA,1510984800,59,-33.93,18.42,62.6,2.24
chivay,32,PE,1510987737,74,-15.64,-71.6,16.01,2.26
druzhba,92,UA,1510987737,98,52.04,33.95,32.66,7.85
marawi,0,SD,1510987738,60,18.48,31.82,72.76,9.86
mstera,88,RU,1510987738,92,56.38,41.92,34.96,13.96
utete,0,TZ,1510987739,61,-7.99,38.76,87.11,3.49
albany,88,AU,1510987649,92,-35.02,117.89,66.23,6.91
inhambane,0,MZ,1510987660,81,-23.86,35.38,76.18,5.57
dikson,0,RU,1510987335,100,73.51,80.55,-3.75,13.4
rikitea,12,PF,1510987576,100,-23.12,-134.97,72.94,21.23
jamestown,88,SH,1510987420,100,-15.94,-5.72,67.22,16.91
bayshore gardens,1,US,1510988100,88,27.43,-82.59,68.0,4.7
saint-philippe,20,RE,1510984800,69,-21.36,55.77,82.4,4.7
hermanus,12,ZA,1510987802,84,-34.42,19.23,57.73,3.04
santa cruz,0,CR,1510984800,94,10.26,-85.59,69.8,3.36
mackay,40,AU,1510984800,65,-21.15,149.2,78.8,12.75
albany,88,AU,1510987649,92,-35.02,117.89,66.23,6.91
new norfolk,0,AU,1510984800,42,-42.78,147.06,80.6,16.11
conde,20,BR,1510984800,83,-7.26,-34.91,75.2,5.82
hobart,0,AU,1510984800,42,-42.88,147.33,80.6,16.11
irtyshskiy,56,RU,1510987804,94,58.33,68.13,22.63,3.71
khatanga,48,RU,1510987422,59,71.97,102.5,-12.16,2.89
torbay,90,CA,1510984800,100,47.67,-52.73,39.2,17.22
karlskrona,92,SE,1510986000,87,56.16,15.59,42.8,12.75
esperance,68,AU,1510987805,66,-33.87,121.9,72.08,16.13
bambous virieux,75,MU,1510984800,69,-20.34,57.76,82.4,12.75
butaritari,92,KI,1510987806,100,3.07,172.79,81.8,5.61
paamiut,48,GL,1510987807,100,61.99,-49.67,31.09,9.42
punta arenas,90,CL,1510984800,75,-53.15,-70.92,46.4,16.11
pingliang,20,CN,1510987808,90,35.54,106.69,31.54,3.89
corrente,20,BR,1510987808,77,-3.74,-43.34,77.48,11.61
ilulissat,0,GL,1510984200,50,69.22,-51.1,5.0,5.82
saldanha,0,ZA,1510984800,63,-33.01,17.94,62.6,2.24
manacapuru,0,BR,1510987809,91,-3.3,-60.62,77.48,2.33
punta arenas,90,CL,1510984800,75,-53.15,-70.92,46.4,16.11
teahupoo,75,PF,1510985280,78,-17.83,-149.27,78.8,4.7
cape town,75,ZA,1510984800,59,-33.93,18.42,62.6,2.24
thompson,75,CA,1510984800,78,55.74,-97.86,8.6,9.17
nouadhibou,0,MR,1510984800,77,20.93,-17.03,64.4,6.93
padang,56,ID,1510987811,100,-0.95,100.35,80.0,6.58
albany,88,AU,1510987649,92,-35.02,117.89,66.23,6.91
kiama,75,AU,1510984800,56,-34.68,150.87,68.0,18.34
padang,56,ID,1510987811,100,-0.95,100.35,80.0,6.58
avarua,75,CK,1510984800,83,-21.21,-159.78,77.0,8.05
alice springs,0,AU,1510984800,16,-23.7,133.88,96.8,6.93
tiarei,75,PF,1510985280,78,-17.53,-149.33,78.8,4.7
ancud,64,CL,1510987813,90,-41.87,-73.82,40.13,2.89
ushuaia,75,AR,1510984800,70,-54.8,-68.3,44.6,9.17
dingle,92,IE,1510987814,97,52.14,-10.27,53.23,14.9
samarai,92,PG,1510987815,100,-10.62,150.67,78.38,11.77
albany,88,AU,1510987649,92,-35.02,117.89,66.23,6.91
chokurdakh,56,RU,1510987584,64,70.63,147.92,-8.25,8.3
chuy,20,UY,1510987342,98,-33.7,-53.46,60.2,10.31
ukiah,1,US,1510984560,93,39.15,-123.21,39.2,2.21
punta arenas,90,CL,1510984800,75,-53.15,-70.92,46.4,16.11
grindavik,20,IS,1510984800,74,63.84,-22.43,33.8,2.24
bluff,0,NZ,1510987568,94,-46.6,168.33,55.93,6.73
rikitea,12,PF,1510987576,100,-23.12,-134.97,72.94,21.23
sao felix do xingu,56,BR,1510987817,100,-6.64,-51.99,71.68,3.04
cape town,75,ZA,1510984800,59,-33.93,18.42,62.6,2.24
hailar,0,CN,1510987818,68,49.2,119.7,3.55,11.43
castro,80,CL,1510987420,100,-42.47,-73.77,42.88,2.82
serra,0,BR,1510984800,83,-20.13,-40.31,75.2,9.17
bredasdorp,12,ZA,1510984800,55,-34.53,20.04,66.2,12.75
kapaa,90,US,1510984560,94,22.08,-159.32,75.2,8.05
mubi,8,NG,1510987881,29,10.27,13.26,68.21,5.79
tilichiki,56,RU,1510987881,93,60.47,166.1,31.63,10.42
rikitea,12,PF,1510987576,100,-23.12,-134.97,72.94,21.23
camacha,40,PT,1510986600,77,33.08,-16.33,66.2,6.93
albany,88,AU,1510987649,92,-35.02,117.89,66.23,6.91
hami,64,CN,1510987883,71,42.8,93.45,37.48,6.73
kodiak,1,US,1510984380,51,57.79,-152.41,37.4,21.92
phalodi,0,IN,1510987884,76,27.13,72.37,69.16,8.41
carnarvon,0,AU,1510987884,86,-24.87,113.63,73.21,13.67
qaanaaq,48,GL,1510987493,100,77.48,-69.36,-4.33,8.52
beboto,92,TD,1510987885,56,8.27,16.94,84.46,3.27
katsuura,90,JP,1510984800,76,35.13,140.3,57.2,18.34
barrow,90,US,1510984380,85,71.29,-156.79,12.2,6.93
nadym,88,RU,1510987886,91,65.53,72.52,15.47,8.37
albany,88,AU,1510987649,92,-35.02,117.89,66.23,6.91
bathsheba,20,BB,1510984800,78,13.22,-59.52,80.6,16.11
albany,88,AU,1510987649,92,-35.02,117.89,66.23,6.91
fasa,0,IR,1510984800,31,28.94,53.65,60.8,3.0
mahebourg,75,MU,1510984800,69,-20.41,57.7,82.4,12.75
atuona,92,PF,1510987653,100,-9.8,-139.03,77.26,16.2
hoi an,20,VN,1510984800,79,15.88,108.33,84.2,9.17
oistins,20,BB,1510984800,78,13.07,-59.53,80.6,16.11
poum,36,NC,1510987889,100,-20.23,164.02,75.05,16.31
norman wells,90,CA,1510984800,76,65.28,-126.83,-5.81,8.05
isangel,12,VU,1510987890,100,-19.55,169.27,74.65,11.32
cockburn town,48,BS,1510987726,100,24.03,-74.52,78.38,21.12
port elizabeth,0,ZA,1510984800,63,-33.92,25.57,60.8,3.36
kokopo,48,PG,1510987891,100,-4.35,152.26,82.39,3.6
carnarvon,0,AU,1510987884,86,-24.87,113.63,73.21,13.67
aberdeen,75,US,1510984380,73,45.46,-98.49,26.6,4.7
ushuaia,75,AR,1510984800,70,-54.8,-68.3,44.6,9.17
kodiak,1,US,1510984380,51,57.79,-152.41,37.4,21.92
ushuaia,75,AR,1510984800,70,-54.8,-68.3,44.6,9.17
cape town,75,ZA,1510984800,59,-33.93,18.42,62.6,2.24
jamestown,88,SH,1510987420,100,-15.94,-5.72,67.22,16.91
rikitea,12,PF,1510987576,100,-23.12,-134.97,72.94,21.23
saint-philippe,20,RE,1510984800,69,-21.36,55.77,82.4,4.7
hithadhoo,56,MV,1510987344,100,-0.6,73.08,81.94,5.84
cherskiy,92,RU,1510987894,73,68.75,161.3,14.03,4.9
ilulissat,0,GL,1510984200,50,69.22,-51.1,5.0,5.82
punta arenas,90,CL,1510984800,75,-53.15,-70.92,46.4,16.11
port hardy,90,CA,1510984800,86,50.7,-127.42,41.0,3.36
bluff,0,NZ,1510987568,94,-46.6,168.33,55.93,6.73
pisco,0,PE,1510984800,87,-13.7,-76.22,60.8,3.6
hobart,0,AU,1510984800,42,-42.88,147.33,80.6,16.11
ponta delgada,20,PT,1510986600,88,37.73,-25.67,64.4,3.36
busselton,8,AU,1510987569,100,-33.65,115.33,66.95,14.34
tiksi,64,RU,1510987897,87,71.69,128.87,8.45,12.44
tasiilaq,0,GL,1510984200,48,65.61,-37.64,19.4,10.29
punta arenas,90,CL,1510984800,75,-53.15,-70.92,46.4,16.11
farmington,90,US,1510985580,80,36.73,-108.22,35.6,11.41
nanortalik,12,GL,1510987414,99,60.14,-45.24,26.9,20.67
zyryanka,68,RU,1510987960,80,65.75,150.85,-4.69,8.52
coquimbo,0,CL,1510984800,93,-29.95,-71.34,53.6,5.28
hermanus,12,ZA,1510987802,84,-34.42,19.23,57.73,3.04
narsaq,8,GL,1510984200,44,60.92,-46.05,19.4,3.36
albany,88,AU,1510987649,92,-35.02,117.89,66.23,6.91
vestmannaeyjar,20,IS,1510987961,100,63.44,-20.27,30.46,9.82
abong mbang,88,CM,1510987962,97,3.98,13.18,68.12,2.26
vaini,75,TO,1510984800,83,-21.2,-175.2,80.6,12.66
hobart,0,AU,1510984800,42,-42.88,147.33,80.6,16.11
juegang,64,CN,1510987962,97,32.32,121.19,51.7,22.84
severo-kurilsk,24,RU,1510987963,100,50.68,156.12,35.14,12.39
punta arenas,90,CL,1510984800,75,-53.15,-70.92,46.4,16.11
nichinan,75,JP,1510984800,72,31.6,131.37,64.4,8.05
autazes,0,BR,1510987965,90,-3.58,-59.13,78.34,2.33
khorinsk,48,RU,1510987965,56,52.17,109.77,14.35,4.72
avarua,75,CK,1510984800,83,-21.21,-159.78,77.0,8.05
port alfred,8,ZA,1510987418,95,-33.59,26.89,61.96,6.4
lebu,8,CL,1510987966,100,-37.62,-73.65,53.36,21.16
bethel,1,US,1510984560,68,41.37,-73.41,35.6,4.7
broken hill,0,AU,1510987814,47,-31.95,141.43,76.58,7.85
canavieiras,100,BR,1510987966,92,-15.68,-38.95,73.25,2.59
chuy,20,UY,1510987967,98,-33.7,-53.46,60.2,10.31
teguldet,88,RU,1510987967,86,57.31,88.17,28.39,6.24
butaritari,92,KI,1510987806,100,3.07,172.79,81.8,5.61
jamestown,88,SH,1510987420,100,-15.94,-5.72,67.22,16.91
manono,48,CD,1510987968,94,-7.3,27.42,73.25,4.5
rikitea,12,PF,1510987576,100,-23.12,-134.97,72.94,21.23
jaque,92,PA,1510987969,100,7.52,-78.17,70.96,0.87
taltal,20,CL,1510987969,100,-25.4,-70.48,49.67,1.03
namatanai,56,PG,1510987970,100,-3.67,152.43,82.21,2.37
kamenka,56,RU,1510987970,85,51.32,42.77,29.74,9.93
atuona,92,PF,1510987653,100,-9.8,-139.03,77.26,16.2
kosh-agach,8,RU,1510987971,52,50.0,88.67,12.5,3.83
alice springs,0,AU,1510984800,16,-23.7,133.88,96.8,6.93
san carlos del zulia,24,VE,1510987972,96,9.0,-71.91,76.58,2.59
finschhafen,80,PG,1510987972,94,-6.6,147.87,77.8,2.37
pevek,88,RU,1510987973,89,69.7,170.31,14.44,12.66
shache,64,CN,1510987578,61,38.42,77.24,40.36,4.5
rikitea,12,PF,1510987576,100,-23.12,-134.97,72.94,21.23
voznesenka,20,UA,1510987973,98,46.87,35.46,33.61,8.63
channel-port aux basques,64,CA,1510987974,100,47.57,-59.14,43.46,23.91
bourail,64,NC,1510987974,56,-21.57,165.48,73.75,11.27
hithadhoo,56,MV,1510987975,100,-0.6,73.08,81.94,5.84
kapaa,90,US,1510984560,94,22.08,-159.32,75.2,8.05
puerto ayora,24,EC,1510987429,100,-0.74,-90.35,67.54,10.87
vorukh,8,TJ,1510987976,62,39.85,70.58,15.56,1.77
aksarka,92,RU,1510987976,92,66.56,67.8,20.2,7.36
derzhavinsk,68,KZ,1510987977,100,51.1,66.32,26.72,7.52
udachnyy,68,RU,1510987977,71,66.42,112.4,-6.45,4.56
samarai,92,PG,1510987815,100,-10.62,150.67,78.38,11.77
kavieng,32,PG,1510988039,100,-2.57,150.8,83.87,2.59
la union,0,PE,1510988040,94,-5.4,-80.75,62.9,7.85
cidreira,88,BR,1510988040,95,-30.18,-50.21,67.31,7.58
bluff,0,NZ,1510987568,94,-46.6,168.33,55.93,6.73
kahului,40,US,1510984560,83,20.89,-156.47,69.8,3.36
punta arenas,90,CL,1510984800,75,-53.15,-70.92,46.4,16.11
puerto ayora,24,EC,1510988041,100,-0.74,-90.35,67.54,10.87
kapaa,90,US,1510984560,94,22.08,-159.32,75.2,8.05
muros,0,ES,1510986600,87,42.78,-9.06,44.6,3.36
hithadhoo,56,MV,1510987975,100,-0.6,73.08,81.94,5.84
arraial do cabo,8,BR,1510988016,88,-22.97,-42.03,74.83,8.14
barrow,90,US,1510984380,85,71.29,-156.79,12.2,6.93
sitka,90,US,1510985760,93,57.05,-135.33,37.4,3.27
te anau,0,NZ,1510988043,66,-45.42,167.72,61.28,3.49
atuona,92,PF,1510987653,100,-9.8,-139.03,77.26,16.2
rikitea,12,PF,1510987576,100,-23.12,-134.97,72.94,21.23
tabou,80,CI,1510988044,100,4.42,-7.35,78.92,9.82
port alfred,8,ZA,1510988045,95,-33.59,26.89,61.96,6.4
hobart,0,AU,1510984800,42,-42.88,147.33,80.6,16.11
lorengau,44,PG,1510988046,100,-2.02,147.27,82.39,3.49
sampit,24,ID,1510988046,87,-2.53,112.95,88.78,4.05
keningau,75,MY,1510986600,70,5.34,116.16,89.6,1.12
salalah,75,OM,1510984200,61,17.02,54.09,82.4,3.36
rikitea,12,PF,1510987576,100,-23.12,-134.97,72.94,21.23
barrow,90,US,1510984380,85,71.29,-156.79,12.2,6.93
honiara,75,SB,1510984800,94,-9.43,159.95,78.8,5.82
porto velho,90,BR,1510984800,94,-8.76,-63.9,73.4,2.24
kavaratti,0,IN,1510987940,98,10.57,72.64,84.86,9.42
kodiak,1,US,1510984380,51,57.79,-152.41,37.4,21.92
kapaa,90,US,1510984560,94,22.08,-159.32,75.2,8.05
ushuaia,75,AR,1510984800,70,-54.8,-68.3,44.6,9.17
chokurdakh,56,RU,1510987584,64,70.63,147.92,-8.25,8.3
merauke,88,ID,1510988050,92,-8.47,140.33,83.74,11.16
aksu,0,CN,1510988051,58,41.12,80.26,37.75,0.47
thinadhoo,68,MV,1510988052,100,0.53,72.93,82.97,6.62
barbastro,0,ES,1510984800,80,42.04,0.13,39.2,6.93
jizan,20,SA,1510984800,58,16.89,42.55,86.0,9.17
constitucion,0,CL,1510988054,83,-35.33,-72.42,53.95,18.59
east london,0,ZA,1510984800,55,-33.02,27.91,64.4,5.82
najran,0,SA,1510984800,25,17.49,44.13,66.2,4.7
guaruja,0,BR,1510984800,77,-23.99,-46.26,68.0,9.17
port elizabeth,0,ZA,1510984800,63,-33.92,25.57,60.8,3.36
port hardy,90,CA,1510984800,86,50.7,-127.42,41.0,3.36
hilo,1,US,1510984560,83,19.73,-155.09,69.8,4.7
lebu,8,CL,1510987966,100,-37.62,-73.65,53.36,21.16
